Nome da empresa;Cidade;UF;Telefone 01;Serviços;Plano;Slug;Telefone 02;;
JJ Guinchos;Novo Hamburgo;RS;(51) 98026-8742;Guincho Plataforma;A - Básico;guincho-jj-nhamburgo;;;
Mecânico Eletricista Ademir Reis;Novo Hamburgo;RS;(51) 99299-6666;Mecanica Diesel;A - Básico;socorro-mecanico-ademir-reis;;;
Fiel Car - Maciel;Campo Bom;RS;(51) 99724-7999;Auto Elétrica;A - Básico;eletrica-fiel-car;;;
PHD Guindastes;Caxias do Sul;RS;(54) 3535-1433;Fábrica de Guindaste Articulado - Munck;A - Básico;guindaste-phd-fabrica;;;
Jair Garcia - Munck;Sapiranga;RS;(51) 99943-8863;Caminhão Guindaste Articulado - Munck;A - Básico;guindaste-jair-garcia;;;
Delta Guinchos;Sapiranga;RS;(51) 99863-9197;Caminhão Guindaste Articulado - Munck;A - Básico;guindaste-delta;;;
Jackson Guindastes;Sapucaia do Sul;RS;(51) 98239-9959;Caminhão Guindaste Articulado - Munck;A - Básico;guindaste-jackson;;;
Hyva Guindastes - Tormaxx Sandálio;Campo Bom;RS;(51) 99510-4959;Fábrica de Guindaste Articulado - Munck;A - Básico;hyva-tormaxx-sandalio;;;
Mowix - Resgate de Motos;Santo André;SP;(11) 98889-7337;Guincho Moto;A - Básico;guincho-moto-mowix;;;
Diogo Implementos;Novo Hamburgo;RS;(51) 99481-2552;Acessórios e Implementos;A - Básico;plataformas-diogo-martins;;;
Muksinos Guindastes;Esteio;RS;(51) 3587-1012;Caminhão Guindaste Articulado - Munck;A - Básico;guindaste-muksinos;;;
VS Guindastes;São Leopoldo;RS;(51) 99576-3768;Caminhão Guindaste Articulado - Munck;A - Básico;guindaste-vs-sleopoldors;;;
Fibras Gerais - Cestos Aéreos;Santo Antônio da Patrulha;RS;(51) 3141-4528;Acessórios e Implementos;A - Básico;cesto-fibras-gerais;;;
PHD Guindastes - Paulo Brasil;Canoas;RS;(51) 99676-6611;Fábrica de Guindaste Articulado - Munck;A - Básico;phd-paulo-brasil;;;
Madal Palfinger Guindastes - Gustavo;Florianópolis;SC;(54) 98135-1211;Fábrica de Guindaste Articulado - Munck;A - Básico;palfinger-gustavo;;;
Argos Guindastes - Luis Mendes;Santo Antônio da Patrulha;RS;(51) 98027-1507;Fábrica de Guindaste Articulado - Munck;A - Básico;argos-luis-mendes;;;
Madal Palfinger Guindastes - Márcio Pinson;Porto Alegre;RS;(54) 98111-9630;Fábrica de Guindaste Articulado - Munck;A - Básico;palfinger-marcio-pinson;;;
Ritter Munck;Porto Alegre;RS;(51) 98611-4716;Caminhão Guindaste Articulado - Munck;A - Básico;guindaste-ritter-rs;;;
Mecânica Weranto;Novo Hamburgo;RS;(51) 99281-0696;Mecânica Automotiva;A - Básico;mecanica-weranto;;;
Guincho Porto Alegre 24H;Porto Alegre;RS;(51) 99838-9696;Guincho Plataforma;A - Básico;guincho-poa-a;;;
Guincho Porto Alegre;Porto Alegre;RS;(51) 99881-9806;Guincho Plataforma;A - Básico;guincho-poa-b;;;
Guincho Quinta Roda;Porto Alegre;RS;(51) 3231-1667;Guincho Plataforma;A - Básico;guincho-quinta-roda;;;
Guincho Magrão;Porto Alegre;RS;(51) 3366-1063;Guincho Plataforma;A - Básico;guincho-magrao;;;
Save Car;Porto Alegre;RS;(51) 3225-4639;Guincho Plataforma;A - Básico;guincho-save-car;;;
Guinchos Buzzati;Porto Alegre;RS;(51) 3340-3862;Guincho Plataforma;A - Básico;guincho-buzzati;;;
Aguiar Guinchos1;Porto Alegre;RS;(51) 99228-6611;Guincho Plataforma;A - Básico;guincho-aguiar-b;;;
Aguiar Guinchos2;Porto Alegre;RS;(51) 3246-5672;Guincho Plataforma;A - Básico;guincho-aguiar-a;;;
Auto Socorro Metropolitano;Porto Alegre;RS;(51) 98480-9183;Guincho Plataforma;A - Básico;guincho-metropolitano-poa;;;
Auto Socorro Mm Guinchos;Porto Alegre;RS;(51) 3084-8990;Guincho Plataforma;A - Básico;guincho-mm-poa-a;;;
Autoplataforma Transportes De Veículos;Porto Alegre;RS;(51) 3347-0111;Guincho Plataforma;A - Básico;guincho-auto-plataforma;;;
Guincho Pontual;Porto Alegre;RS;(51) 3364-3694;Guincho Plataforma;A - Básico;guincho-pontual;;;
Porto Alegre Guinchos;Porto Alegre;RS;(51) 98508-7269;Guincho Plataforma;A - Básico;guincho-poa-c;;;
A.S. Guincho;Porto Alegre;RS;(51) 98517-4999;Guincho Plataforma;A - Básico;guincho-as;;;
Adriano Guinchos;Porto Alegre;RS;(51) 99944-4986;Guincho Plataforma;A - Básico;guincho-adriano-poa;;;
AGS Guinchos;Porto Alegre;RS;(51) 98621-0096;Guincho Plataforma;A - Básico;guincho-ags;;;
Atento Service E Logística;Porto Alegre;RS;(51) 3334-3334;Guincho Plataforma;A - Básico;guincho-atento;;;
Auto Center Pedroso E Guincho;Porto Alegre;RS;(51) 3339-6622;Guincho Plataforma;A - Básico;guincho-pedroso;;;
Auto Elétrica Sertorio;Porto Alegre;RS;(51) 3341-1823;Auto Elétrica;A - Básico;auto-eletrica-sertorio;;;
Auto Peças E Guincho Cristal;Porto Alegre;RS;(51) 3061-5867;Guincho Plataforma;A - Básico;guincho-cristal;;;
Auto Peças Steindorff;Porto Alegre;RS;(51) 3223-6100;Auto Peças;A - Básico;auto-pecas-steindorff;;;
Auto Resgate - Guinchos E Remoções;Porto Alegre;RS;(51) 99366-4907;Guincho Plataforma;A - Básico;guincho-auto-resgate;;;
Auto Socorro - Guincho Em Partenon Rs;Porto Alegre;RS;(51) 99967-3417;Guincho Plataforma;A - Básico;guincho-partenon-poa-a;;;
Auto Socorro Vigilante;Porto Alegre;RS;(51) 3339-3939;Guincho Plataforma;A - Básico;guincho-vigilante-poa;;;
Auto-Socorro Mm Guinchos;Porto Alegre;RS;(51) 99275-2029;Guincho Plataforma;A - Básico;guincho-mm-poa-b;;;
Autotech Distribuidora De Autopeças;Porto Alegre;RS;(51) 3361-4044;Auto Peças;A - Básico;auto-pecas-autotech;;;
Béco Guincho;Porto Alegre;RS;(51) 3374-3052;Guincho Plataforma;A - Básico;guincho-beco;;;
Bigão Auto Peças;Porto Alegre;RS;(51) 3386-1132;Guincho Plataforma;A - Básico;guincho-bigao;;;
Breno Guindaste;Porto Alegre;RS;(51) 3062-5346;Caminhão Guindaste Articulado - Munck;A - Básico;guindaste-breno;;;
Caetano Car E Guinchos;Porto Alegre;RS;(51) 99565-0303;Guincho Plataforma;A - Básico;guincho-caetano;;;
Catita Guinchos 24Hs;Porto Alegre;RS;(51) 99360-8172;Guincho Plataforma;A - Básico;guincho-catita;;;
Central Guincho;Porto Alegre;RS;(51) 3095-3939;Guincho Plataforma;A - Básico;guincho-central-poa;;;
Ciro Car Centro Automotivo;Porto Alegre;RS;(51) 3268-5529;Mecânica Automotiva;A - Básico;mecanica-ciro-car;;;
Cougar Mecânica;Porto Alegre;RS;(51) 3384-7511;Mecânica Automotiva;A - Básico;mecanica-cougar;;;
CRD Speedway Guinchos;Porto Alegre;RS;(51) 3374-8342;Guincho Plataforma;A - Básico;guicho-crd-speedway;;;
Cunha Guinchos 24Horas;Porto Alegre;RS;(51) 99124-4411;Guincho Plataforma;A - Básico;guincho-cunha-poa;;;
Da Tribo Guinchos;Porto Alegre;RS;(51) 3682-2887;Guincho Plataforma;A - Básico;guincho-da-tribo;;;
Domingues - Guinchos Plataforma Com Asa.;Porto Alegre;RS;(51) 99797-7230;Guincho Plataforma;A - Básico;guincho-domingues-poa;;;
Engatsul Engates E Reboques;Porto Alegre;RS;(51) 3334-4617;Acessórios e Implementos;A - Básico;reboques-engatsul;;;
Enio Guinchos E Transportes Especiais;Porto Alegre;RS;(51) 3341-0269;Guincho Plataforma;A - Básico;guincho-enio-poa;;;
Faísca Guincho;Porto Alegre;RS;(51) 99617-1113;Guincho Plataforma;A - Básico;guincho-faisca;;;
Fred Auto Socorro - Guincho 24 Horas;Porto Alegre;RS;(51) 3574-9996;Guincho Plataforma;A - Básico;guincho-fred;;;
Giltur Auto Socorro;Porto Alegre;RS;(51) 99944-4478;Guincho Plataforma;A - Básico;guincho-giltur;;;
Guincho 24 Horas Pártenon Porto Alegre Rs;Porto Alegre;RS;(51) 98004-6584;Guincho Plataforma;A - Básico;guincho-partenon-poa-b;;;
Guincho 24 Horas Poa Thiago;Porto Alegre;RS;(51) 98562-8596;Guincho Plataforma;A - Básico;guincho-thiago-poa;;;
Guincho 24H Poa;Porto Alegre;RS;(51) 99734-1234;Guincho Plataforma;A - Básico;guincho-poa-24h;;;
Auto Socorro 24 Horas Carloto;Porto Alegre;RS;(51) 99312-1161;Guincho Plataforma;A - Básico;guincho-carloto-poa;;;
Guincho Porto Alegre;Porto Alegre;RS;(51) 99511-3747;Guincho Plataforma;A - Básico;guincho-portoalegre-rs;;;
Guincho Trevo;Porto Alegre;RS;(51) 99880-0550;Guincho Plataforma;A - Básico;guincho-trevo-poa;;;
Porto Guincho 24 Hs;Porto Alegre;RS;(51) 99480-8080;Guincho Plataforma;A - Básico;guincho-porto-poa;;;
Guincho Antunes Socorros 24 Hs;Porto Alegre;RS;(51) 98957-2074;Guincho Plataforma;A - Básico;guincho-antunes-poa;;;
Guincho Em Porto Alegre 24 Horas;Porto Alegre;RS;(51) 99208-0800;Guincho Plataforma;A - Básico;guincho-portoalegre-poa;;;
Diogo Guinchos;Porto Alegre;RS;(51) 99462-5994;Guincho Plataforma;A - Básico;guincho-portoalegre-poa2;;;
Guincho Nh / Conti Guincho;Porto Alegre;RS;(51) 99871-7475;Guincho Plataforma;A - Básico;guincho-conti-poa;;;
Guincho Zona Sul • Guincho 24H • Porto Alegre;Porto Alegre;RS;(51) 99453-1335;Guincho Plataforma;A - Básico;guincho-zonasul-poa;;;
Guinchos Alves;Porto Alegre;RS;(51) 99479-3141;Guincho Plataforma;A - Básico;guincho-alves-poa;;;
Buscar Guinchos;Porto Alegre;RS;(51) 99944-4748;Guincho Plataforma;A - Básico;guincho-buscar-poa;;;
Guincho Elite Porto Alegre;Porto Alegre;RS;(51) 98577-1642;Guincho Plataforma;A - Básico;guincho-elite-poa;;;
Bosco I Guincho Em Novo Hamburgo;Novo Hamburgo;RS;(51) 99172-0275;Guincho Plataforma;A - Básico;guincho-bosco-nhamburgo;;;
Guincho Forte Sul;Porto Alegre;RS;(51) 99891-8598;Guincho Plataforma;A - Básico;guincho-fortesul-poa;;;
Da Tribo Guincho Porto Alegre;Porto Alegre;RS;(51) 98596-9927;Guincho Plataforma;A - Básico;guincho-da-tribo-poa;;;
Guincho Em Porto Alegre 24H Zona Sul;Porto Alegre;RS;(51) 99658-6529;Guincho Plataforma;A - Básico;guincho-zona-sul-poa;;;
Guincho Marcelo Sapiranga;Sapiranga;RS;(51) 99670-5040;Guincho Plataforma;A - Básico;guincho-marcelo-sapiranga;;;
Guincho Sul;Porto Alegre;RS;(51) 3367-2012;Guincho Plataforma;A - Básico;guincho-sul-poa;;;
JBK Guincho;Porto Alegre;RS;(51) 98568-8984;Guincho Plataforma;A - Básico;guincho-jbk-poa;;;
Guinchos Zona Sul;Porto Alegre;RS;(51) 99655-0025;Guincho Plataforma;A - Básico;guincho-zsul-poa;;;
ARM Guinchos;Porto Alegre;RS;(51) 99837-0221;Guincho Plataforma;A - Básico;guincho-arm-poa;;;
Guincho Auto Socorro Gaúcho;Porto Alegre;RS;(51) 99895-1645;Guincho Plataforma;A - Básico;guincho-gaucho-poa;;;
Aluguel De Reboques - Gu E Adri;Novo Hamburgo;RS;(51) 99732-2770;Acessórios e Implementos;A - Básico;alugareboque-gueadri-nhamburgo;;;
Mano Guinchos;Porto Alegre;RS;(51) 98460-0584;Guincho Plataforma;A - Básico;guincho-mano-poa;;;
Autop Guincho Resgate 24H;Porto Alegre;RS;(51) 98100-0522;Guincho Plataforma;A - Básico;guincho-autop-poa;;;
Guincho Hr Plataforma;Porto Alegre;RS;(51) 98146-6565;Guincho Plataforma;A - Básico;guincho-hr-poa;;;
Spartan Guincho;Porto Alegre;RS;(51) 99217-3592;Guincho Plataforma;A - Básico;guincho-spartan-poa;;;
Guincho 24Horas Jv Guincho;Porto Alegre;RS;(51) 99993-9103;Guincho Plataforma;A - Básico;guincho-jv-poa;;;
AJR Guinchos;Porto Alegre;RS;(51) 99255-4438;Guincho Plataforma;A - Básico;guincho-ajr-poa;;;
MR Guinchos;Porto Alegre;RS;(51) 98141-7030;Guincho Plataforma;A - Básico;guincho-mr-poa;;;
Fl Guinchos;Porto Alegre;RS;(51) 3366-6682;Guincho Plataforma;A - Básico;guincho-fi-poa;;;
Guincho Em Porto Alegre 24H Zona Sul;Porto Alegre;RS;(51) 98519-9733;Guincho Plataforma;A - Básico;guincho-zona-sul-poaa;;;
Guincho Farrapos;Porto Alegre;RS;(51) 99860-8328;Guincho Plataforma;A - Básico;guincho-farrapos-poa;;;
Guincho Injecar;Porto Alegre;RS;(51) 3018-1429;Guincho Plataforma;A - Básico;guincho-injecar-poa;;;
Assistência 24H JN Guinchos;Santo Antônio da Patrulha;RS;(51) 99983-1279;Guincho Plataforma;A - Básico;guincho-jn-sa-patrulha;;;
Guinchos Trevo;Santo Antônio da Patrulha;RS;(51) 3662-1751;Guincho Plataforma;A - Básico;guincho-trevo-sa-patrulha;;;
Adriano Guinchos | Guincho 24H;Santo Antônio da Patrulha;RS;(51) 99371-6552;Guincho Plataforma;A - Básico;guincho-adriano-sa-patrulha;;;
Guincho Carro E Caminhão D'Avila;Santo Antônio da Patrulha;RS;(51) 99977-1382;Guincho Plataforma;A - Básico;guincho-davila-sa-patrulha;;;
Guincho Do Kareca;Santo Antônio da Patrulha;RS;(51) 98081-8434;Guincho Plataforma;A - Básico;guincho-kareca-sa-patrulha;;;
HSA plataformas;Santo Antônio da Patrulha;RS;(51) 3662-3459;Acessórios e Implementos;A - Básico;plataformas-hsa;;;
DB Plataformas;Santo Antônio da Patrulha;RS;(51) 98081-5727;Acessórios e Implementos;A - Básico;plataformas-db;;;
AF Guincho;Cachoeirinha;RS;(51) 99120-7442;Guincho Plataforma;A - Básico;guincho-af-ararica;;;
Guincho Fn;Araricá;RS;(51) 99827-9458;Guincho Plataforma;A - Básico;guincho-fn-ararica;;;
Guincho Gelinger;Araricá;RS;(51) 98064-2088;Guincho Plataforma;A - Básico;guincho-gelinger-ararica;;;
Auto Socorro Cristian;Nova Hartz;RS;(51) 99997-4447;Guincho Plataforma;A - Básico;guincho-cristian-nhartz;;;
Guincho Sette;Nova Hartz;RS;(51) 3565-1324;Guincho Plataforma;A - Básico;guincho-sette-nhartz;;;
Sette Car Mecânica Automotiva;Nova Hartz;RS;(51) 3565-1553;Mecânica Automotiva;A - Básico;mecanica-settecar-nhartz;;;
Escada Car Mecânica Automotiva;Nova Hartz;RS;(51) 99826-1678;Mecânica Automotiva;A - Básico;mecanica-escadacar-nhartz;51996356616;;
Guincho Pesado Rodando Mil;Rolante;RS;(51) 99968-1455;Guincho Pesado - Caminhão;A - Básico;guincho-caminhao-mil-rolante;;;
Guincho Cardoso Rolante;Rolante;RS;(51) 99565-7526;Guincho Plataforma;A - Básico;guincho-cardoso-rolante;;;
Trans Capaz;Rolante;RS;(51) 99715-5811;Guincho Plataforma;A - Básico;guincho-capaz-rolante;;;
Destak Car Guincho Lavagem E Oficina;Capela de Santana;RS;(51) 99629-5832;Guincho Plataforma;A - Básico;guincho-destakcar-capsantana;;;
Lelo Fretes E Guincho;Capela de Santana;RS;(51) 99524-5316;Guincho Plataforma;A - Básico;guincho-lelo-capsantana;;;
Guincho Glorinha Rs;Glorinha;RS;(51) 99839-0247;Guincho Plataforma;A - Básico;guincho-glorinha-rs;;;
Guincho do Confirmado;Gravataí;RS;(51) 99161-4444;Guincho Plataforma;A - Básico;guincho-confirmado-gravatai;51984005566;;
Juliano Guinchos 24H;Gravataí;RS;(51) 99444-2222;Guincho Plataforma;A - Básico;guincho-juliano-gravatai;;;
Marcio Mc Guincho;Gravataí;RS;(51) 98524-3203;Guincho Plataforma;A - Básico;guincho-marcio-gravatai;;;
Mabicz Guincho;Gravataí;RS;(51) 99986-8656;Guincho Plataforma;A - Básico;guincho-mabicz-gravatai;;;
Guincho Auto Socorro FC;Gravataí;RS;(51) 98613-0103;Guincho Plataforma;A - Básico;guincho-fc-gravatai;;;
RR Guincho Gravatai e Cachoeirinha;Gravataí;RS;(51) 98478-3232;Guincho Plataforma;A - Básico;guincho-rr-gravatai;;;
Ouro Guinchos;Gravataí;RS;(51) 98308-4479;Guincho Plataforma;A - Básico;guincho-ouro-gravatai;;;
Full Guinchos;Gravataí;RS;(51) 99384-8484;Guincho Plataforma;A - Básico;guincho-full-gravatai;;;
DM Guincho;Gravataí;RS;(51) 99267-9235;Guincho Plataforma;A - Básico;guincho-dm-gravatai;;;
Guincho Gravataí;Gravataí;RS;(51) 99749-4239;Guincho Plataforma;A - Básico;guincho-gravatai;;;
Guincho Ponto Kom;Gravataí;RS;(51) 98603-6954;Guincho Plataforma;A - Básico;guincho-pontokom-gravatai;;;
Guincho do George;Gravataí;RS;(51) 99015-9713;Guincho Plataforma;A - Básico;guincho-george-gravatai;;;
Guincho Metropolitano 24;Gravataí;RS;(51) 99868-7907;Guincho Plataforma;A - Básico;guincho-metropolitano-gravatai;;;
Guinchos Porto Alegre - Valentina;Gravataí;RS;(51) 98445-0050;Guincho Plataforma;A - Básico;guincho-poa-valentina-gravatai;;;
Barranco Guinchos;Gravataí;RS;(51) 98406-6013;Guincho Plataforma;A - Básico;guincho-barraco-gravatai;;;
Auto Socorro J Marques;Gravataí;RS;(51) 99405-0536;Guincho Plataforma;A - Básico;guincho-jmarques-gravatai;;;
Guincho Transcarmac;Gravataí;RS;(51) 99800-5151;Guincho Plataforma;A - Básico;guincho-transcarmac-gravatai;;;
Guincho Leandro Fretes E Transportes;Gravataí;RS;(51) 99335-6229;Guincho Plataforma;A - Básico;guincho-leandro-gravatai;;;
JK Guincho;Gravataí;RS;(51) 98548-4502;Guincho Plataforma;A - Básico;guincho-jk-gravatai;;;
Guincho Vip 77;Gravataí;RS;(51) 99838-5510;Guincho Plataforma;A - Básico;guincho-vip77-gravatai;;;
Guincho do Fernandão;Gravataí;RS;(51) 98518-6032;Guincho Plataforma;A - Básico;guincho-fernandao-gravatai;;;
Xuxu Guincho;Gravataí;RS;(51) 98582-0213;Guincho Plataforma;A - Básico;guincho-xuxu-gravatai;;;
Douglas Guinchos;Gravataí;RS;(51) 99637-1200;Guincho Plataforma;A - Básico;guincho-douglas-gravatai;;;
JP Guincho;Gravataí;RS;(51) 99623-6085;Guincho Plataforma;A - Básico;guincho-jp-gravatai;;;
Mano Guincho;Gravataí;RS;(51) 98617-4721;Guincho Plataforma;A - Básico;guincho-mano-gravatai;;;
Guincho Maicon 24 Horas;Gravataí;RS;(51) 99241-2455;Guincho Plataforma;A - Básico;guincho-maicon-gravatai;;;
Sos Ferreira;Gravataí;RS;(51) 3489-1609;Guincho Plataforma;A - Básico;guincho-sosferreira-gravatai;;;
Guinchos Fernandes;Gravataí;RS;(51) 98187-4770;Guincho Plataforma;A - Básico;guincho-fernandes-gravatai;;;
Guinchos Pitbull;Gravataí;RS;(51) 99658-9068;Acessórios e Implementos;A - Básico;guincho-offroad-pitbull;;;
Julio Guinchos;Gravataí;RS;(51) 99289-2492;Guincho Plataforma;A - Básico;guincho-julio-gravatai;;;
RK Guinchos;Gravataí;RS;(51) 99279-7053;Guincho Plataforma;A - Básico;guincho-rk-gravatai;;;
I9 Trailers E Reboques;Gravataí;RS;(51) 98132-0038;Acessórios e Implementos;A - Básico;trailers-i9-gravatai;;;
DJ Guincho 24Hrs;Gravataí;RS;(51) 99590-7659;Guincho Plataforma;A - Básico;guincho-dj-gravatai;;;
Lima Guincho;Gravataí;RS;(51) 98478-9221;Guincho Plataforma;A - Básico;guincho-lima-gravatai;;;
Guincho Online;Gravataí;RS;(51) 98204-4864;Guincho Plataforma;A - Básico;guincho-online-gravatai;;;
Guincho Novo Hamburgo | S.O.S Guinchos;Novo Hamburgo;RS;(51) 99886-9050;Guincho Plataforma;A - Básico;guincho-novohamburgo-rs;;;
Dias Guincho 24hr;Novo Hamburgo;RS;(51) 99395-1148;Guincho Plataforma;A - Básico;guincho-dias-nhamburgo;;;
GS Guinchos Reboque;Novo Hamburgo;RS;(51) 98062-4444;Guincho Plataforma;A - Básico;guincho-gs-nhamburgo;;;
Preto Coelho Guincho;Novo Hamburgo;RS;(51) 99832-2620;Guincho Plataforma;A - Básico;guincho-preto-nhamburgo;;;
Guincho JP;Novo Hamburgo;RS;(51) 99835-9859;Guincho Plataforma;A - Básico;guincho-jp-nhamburgo;;;
Guinchos Berlim;Novo Hamburgo;RS;(51) 99194-6318;Guincho Plataforma;A - Básico;guincho-berlim-nhamburgo;;;
Cia do Guincho;Novo Hamburgo;RS;(51) 99848-4142;Guincho Plataforma;A - Básico;guincho-cia-nhamburgo;;;
Vitória Guinchos;Novo Hamburgo;RS;(51) 99641-1800;Guincho Plataforma;A - Básico;guincho-vitoria-nhamburgo;;;
Guincho Sander;Campo Bom;RS;(51) 99997-8266;Guincho Plataforma;A - Básico;guincho-sander-cbom;;;
Hamburgo Guinchos Transportes;Novo Hamburgo;RS;(51) 99958-9175;Caminhão Guindaste Articulado - Munck;A - Básico;guindaste-hamburgo-nhamburgo;;;
Premium auto socorro;Novo Hamburgo;RS;(51) 98995-8716;Guincho Plataforma;A - Básico;guincho-premium-nhamburgo;;;
Thiago Guinchos;Novo Hamburgo;RS;(51) 99366-1331;Guincho Plataforma;A - Básico;guincho-thiago-nhamburgo;;;
Dínamo Guinchos;Novo Hamburgo;RS;(51) 99362-4608;Guincho Plataforma;A - Básico;guincho-dinamo-nhamburgo;;;
Guinchos Oliveira;Novo Hamburgo;RS;(51) 99922-4348;Guincho Plataforma;A - Básico;guincho-oliveira-nhamburgo;;;
Exclusive Guinchos - Novo Hamburgo;Novo Hamburgo;RS;(51) 98052-2525;Guincho Plataforma;A - Básico;guincho-exclusive-nhamburgo;;;
R&J Guincho;Novo Hamburgo;RS;(51) 99270-6774;Guincho Plataforma;A - Básico;guincho-rj-nhamburgo;;;
Ligue Guinchos Canoas;Canoas;RS;(51) 99245-7874;Guincho Plataforma;A - Básico;guincho-ligue-canoas;;;
GH Guinchos;Canoas;RS;(51) 98121-2789;Guincho Plataforma;A - Básico;guincho-gh-canoas;;;
Acargo Guinchos;Canoas;RS;(51) 99108-4252;Guincho Plataforma;A - Básico;guincho-acargo-canoas;;;
RS Guincho;Canoas;RS;(51) 99650-1414;Guincho Plataforma;A - Básico;guincho-rs-canoas;;;
Jeg Guinchos;Canoas;RS;(51) 98474-7474;Guincho Plataforma;A - Básico;guincho-jeg-canoas;;;
Oliveira Guichos 24h;Canoas;RS;(51) 99479-8192;Guincho Plataforma;A - Básico;guincho-oliveira-canoas;;;
Resgate e Guincho de Motos Lauro;Canoas;RS;(51) 99974-7182;Guincho Moto;A - Básico;guincho-moto-lauro-canoas;;;
JBM Guincho;Canoas;RS;(51) 99680-1742;Guincho Plataforma;A - Básico;guincho-jbm-canoas;;;
Guincho em Canoas | SR Guincho;Canoas;RS;(51) 99962-8686;Guincho Plataforma;A - Básico;guincho-sr-canoas;;;
Guinchos Viegas;Canoas;RS;(51) 3051-4030;Guincho Plataforma;A - Básico;guincho-viegas-canoas;;;
SOS Guinchos Leves e Pesados;Canoas;RS;(51) 3426-3355;Guincho Pesado - Caminhão;A - Básico;guincho-caminhao-sos-canoas;;;
JL Guinchos;Canoas;RS;(51) 3475-5651;Caminhão Guindaste Articulado - Munck;A - Básico;guindaste-jl-canoas;;;
FC GUINCHO;Canoas;RS;(51) 98132-6799;Guincho Plataforma;A - Básico;guincho-fc-canoas;;;
Guinchos Mendes.;Canoas;RS;(51) 3031-1111;Guincho Plataforma;A - Básico;guincho-mendes-canoas;;;
Click Guinchos;Canoas;RS;(51) 99676-0022;Guincho Plataforma;A - Básico;guincho-click-canoas;;;
Guinchos CRD Bittar;Canoas;RS;(51) 3463-9505;Guincho Plataforma;A - Básico;guincho-crd-canoas;;;
Zatti Guinchos;Canoas;RS;(51) 99506-9372;Guincho Plataforma;A - Básico;guincho-zatti-canoas;;;
Moto Resgate e Guincho Asa Logística;Canoas;RS;(51) 99956-4090;Guincho Moto;A - Básico;guincho-moto-asa-canoas;;;
Alderette Guinchos;Canoas;RS;(51) 99334-2353;Guincho Plataforma;A - Básico;guincho-alderete-canoas;;;
Munk Vai - Serviços e Locações;Canoas;RS;(51) 3031-1477;Caminhão Guindaste Articulado - Munck;A - Básico;guindaste-vai-canoas;;;
Zoclinhos guinchos;Canoas;RS;(51) 99458-6528;Guincho Plataforma;A - Básico;guincho-zoclinhos-canoas;;;
Rabello Guindastes;Canoas;RS;(51) 99981-5097;Caminhão Guindaste Articulado - Munck;A - Básico;guindaste-rabello-canoas;;;
Billy Auto Center e Guinchos;Canoas;RS;(51) 98509-9328;Guincho Plataforma;A - Básico;guincho-billy-canoas;;;
Guincho 24 horas Rick;Canoas;RS;(51) 99628-9852;Guincho Plataforma;A - Básico;guincho-rick-canoas;;;
Guinchos TSM;Canoas;RS;(51) 98501-0117;Guincho Plataforma;A - Básico;guincho-tsm-canoas;;;
Torpedão guincho;Canoas;RS;(51) 99258-1441;Guincho Plataforma;A - Básico;guincho-torpedao-canoas;;;
Guinchos Tabaí CRD Socorro 24 Horas;Canoas;RS;(51) 97400-6754;Guincho Plataforma;A - Básico;guincho-tabai-canoas;;;
Guincho Bertoldo;Canoas;RS;(51) 99964-6471;Guincho Plataforma;A - Básico;guincho-bertoldo-canoas;;;
Rabello Locadora de Equipamentos EPP;Canoas;RS;(51) 3478-2800;Guincho Plataforma;A - Básico;guincho-rabello-canoas;;;
FF Guinchos;Canoas;RS;(51) 99926-4200;Guincho Plataforma;A - Básico;guincho-ff-canoas;;;
Canoas Guincho;Canoas;RS;(51) 99770-3474;Guincho Plataforma;A - Básico;guincho-canoas-rs;;;
Guinchos Marcio Rosa;Canoas;RS;(51) 98329-6929;Guincho Plataforma;A - Básico;guincho-marciorosa-canoas;;;
Sul Guinchos;Canoas;RS;(51) 3032-4022;Guincho Plataforma;A - Básico;guincho-sul-canoas;;;
Cascão Guinchos;Viamão;RS;(51) 99829-0043;Guincho Plataforma;A - Básico;guincho-cascao-viamao;;;
Guincho Viamão;Viamão;RS;(51) 98225-0060;Guincho Plataforma;A - Básico;guincho-viamao-rs;;;
Guincho Viamão Na Hora Guinchos;Viamão;RS;(51) 98207-1593;Guincho Plataforma;A - Básico;guincho-nahora-viamao;;;
Guincho JL Viamão;Viamão;RS;(51) 99861-3908;Guincho Plataforma;A - Básico;guincho-jl-viamao;;;
Guincho GM 24 horas, Viamão;Viamão;RS;(51) 99966-8259;Guincho Plataforma;A - Básico;guincho-gm-viamao;;;
Tchê Guinchos;Viamão;RS;(51) 99341-3020;Guincho Plataforma;A - Básico;guincho-tche-viamao;;;
Auto Socorro Didi Guincho;Viamão;RS;(51) 98517-6743;Guincho Plataforma;A - Básico;guincho-didi-viamao;;;
Tita Guincho;Viamão;RS;(51) 99698-6148;Guincho Plataforma;A - Básico;guincho-tita-viamao;;;
Siqueira Auto Socorro guincho 24hs;Viamão;RS;(51) 98209-2302;Guincho Plataforma;A - Básico;guincho-siqueira-viamao;;;
Goethel Guinchos;Viamão;RS;(51) 99976-5755;Guincho Plataforma;A - Básico;guincho-goetel-viamao;;;
Guincho Viamão RS;Viamão;RS;(51) 98464-0180;Guincho Plataforma;A - Básico;guincho-viamaors;;;
Disk Guincho;Viamão;RS;(51) 98555-8515;Guincho Plataforma;A - Básico;guincho-disk-viamao;;;
S.O.S Guinchos Pesados;Viamão;RS;(51) 99986-4681;Guincho Pesado - Caminhão;A - Básico;guincho-caminhao-sos-viamao;;;
Guincho Souza ( Minhoca );Viamão;RS;(51) 99894-1852;Guincho Plataforma;A - Básico;guincho-minhoca-viamao;;;
Foguinho Guinchos;Viamão;RS;(51) 99625-2393;Guincho Plataforma;A - Básico;guincho-foguinho-viamao;;;
Guinchos SOS Porto Seco;Viamão;RS;(51) 3364-5255;Guincho Plataforma;A - Básico;guincho-portoseco-viamao;;;
Wilson Guinchos;Viamão;RS;(51) 99504-5349;Guincho Plataforma;A - Básico;guincho-wilson-viamao;;;
Tiago Guincho;Viamão;RS;(51) 98565-5280;Guincho Plataforma;A - Básico;guincho-tiago-viamao;;;
Cardoso Guincho 24horas;Viamão;RS;(51) 99998-9288;Guincho Plataforma;A - Básico;guincho-cardoso-viamao;;;
RS-Guinchos;Viamão;RS;(51) 99125-8635;Guincho Plataforma;A - Básico;guincho-rs-viamao;;;
Edinho resgate socorro Guincho motos;Viamão;RS;(51) 99515-1166;Guincho Moto;A - Básico;guincho-moto-edinho-viamao;;;
Borracharia e Guincho Auto Socorro;Viamão;RS;(51) 98150-0440;Guincho Plataforma;A - Básico;guincho-borracharia-viamao;;;
Guinchos Fagundes;Viamão;RS;(51) 99181-3984;Guincho Plataforma;A - Básico;guincho-fagundes-viamao;;;
Bebe Guincho e despachante;Viamão;RS;(51) 99670-9960;Guincho Plataforma;A - Básico;guincho-bebe-viamao;;;
Reboques Cunha;Viamão;RS;(51) 98439-0732;Acessórios e Implementos;A - Básico;reboques-cunha-viamao;;;
Confiança Guinchos;Viamão;RS;(51) 98540-1015;Guincho Plataforma;A - Básico;guincho-confiança-viamao;;;
Guincho Valdeci;Viamão;RS;(51) 99478-5008;Guincho Plataforma;A - Básico;guincho-valdeci-viamao;;;
guincho alvorada;Alvorada;RS;(51) 99959-2218;Guincho Plataforma;A - Básico;guincho-alvorada-rs;;;
Guincho Autosul socorro 24h;Viamão;RS;(51) 98019-3910;Guincho Plataforma;A - Básico;guincho-autosul-viamao;;;
Propp guinchos;Viamão;RS;(51) 99975-3460;Guincho Plataforma;A - Básico;guincho-propp-viamao;;;
Fsul Guinchos;Viamão;RS;(51) 99607-2043;Guincho Plataforma;A - Básico;guincho-fsul-viamao;;;
BG Car Guincho Lomba do Pinheiro;Viamão;RS;(51) 99824-4063;Guincho Plataforma;A - Básico;guincho-bgcar-viamao;;;
Monteiro Guincho de Moto!;Viamão;RS;(51) 98656-1694;Guincho Moto;A - Básico;guincho-moto-monteiro-viamao;;;
Tamo Junto Guinchos;Viamão;RS;(51) 98529-5783;Guincho Plataforma;A - Básico;guincho-tamojunto-viamao;;;
Família João Auto Guincho;Viamão;RS;(51) 99126-0591;Guincho Plataforma;A - Básico;guincho-familia-joao-viamao;;;
Real guinchos alvorada plataformas guinchos;Alvorada;RS;(51) 99285-1294;Guincho Plataforma;A - Básico;guincho-real-alvorada;;;
Guinchos Chavequinho;Viamão;RS;(51) 98603-5841;Guincho Plataforma;A - Básico;guincho-chavequinho-viamao;;;
Centro de Remoção e Depósito Haas;Viamão;RS;(51) 3485-5016;Guincho Plataforma;A - Básico;guincho-haas-viamao;;;
Auto Socorro e guincho Brock;Viamão;RS;(51) 98408-8620;Guincho Plataforma;A - Básico;guincho-brock-viamao;;;
Ely Guinchos;Viamão;RS;(51) 98406-0177;Guincho Plataforma;A - Básico;guincho-ely-viamao;;;
adrianus car guinchos;Viamão;RS;(51) 99705-0243;Guincho Plataforma;A - Básico;guincho-adrianus-viamao;;;
Planeta Guinchos;Viamão;RS;(51) 98400-4406;Guincho Plataforma;A - Básico;guincho-planeta-viamao;;;
Jr guinchos;Viamão;RS;(51) 99010-3756;Guincho Plataforma;A - Básico;guincho-jr-viamao;;;
Automania Guinchos;Viamão;RS;(51) 99889-6456;Guincho Plataforma;A - Básico;guincho-autonomia-viamao;;;
Irmãos Coelho mangueiras hidráulicas;Viamão;RS;(51) 3485-3955;Acessórios e Implementos;A - Básico;mang-hidraulica-ircoelho-viamao;;;
Guincho ale tur;Viamão;RS;(51) 99942-0961;Guincho Plataforma;A - Básico;guincho-aletur-viamao;;;
D'Andrea Guinchos;Viamão;RS;(51) 99953-2326;Guincho Plataforma;A - Básico;guincho-dandrea-viamao;;;
Guerreiro Guinchos;Viamão;RS;(51) 98619-1032;Guincho Plataforma;A - Básico;guincho-guerreiro-viamao;;;
RR Guincho;Viamão;RS;(51) 98444-9917;Guincho Plataforma;A - Básico;guincho-rr-viamao;;;
Trevosul Guinchos e Logistica.;Viamão;RS;(51) 98061-7704;Guincho Plataforma;A - Básico;guincho-trevosul-viamao;;;
Peter Guinchos;Viamão;RS;(51) 99987-5777;Guincho Plataforma;A - Básico;guincho-peter-viamao;;;
Lauroguinchos;Viamão;RS;(51) 98518-9979;Guincho Plataforma;A - Básico;guincho-lauro-viamao;;;
PS guinchos;Viamão;RS;(51) 99890-9448;Guincho Plataforma;A - Básico;guincho-ps-viamao;;;
Sumaré Ar Condicionado e Guincho;Viamão;RS;(51) 99275-7930;Guincho Plataforma;A - Básico;guincho-sumare-viamao;;;
Konig Guinchos;Viamão;RS;(51) 98185-5767;Guincho Plataforma;A - Básico;guincho-konig-viamao;;;
SalvaCar Guincho;Viamão;RS;(51) 98022-9052;Guincho Plataforma;A - Básico;guincho-salvacar-viamao;;;
Guincho do gordinho;Viamão;RS;(51) 99312-0727;Guincho Plataforma;A - Básico;guincho-gordinho-viamao;;;
Guincho zonatto;Viamão;RS;(51) 99932-9680;Guincho Plataforma;A - Básico;guincho-zonatto-viamao;;;
Figueiredo Guincho;Viamão;RS;(51) 98584-4437;Guincho Plataforma;A - Básico;guincho-figueiredo-viamao;;;
Machado Guincho;Viamão;RS;(51) 98962-0841;Guincho Plataforma;A - Básico;guincho-machado-viamao;;;
Guincho de Moto ÍNDIO;Viamão;RS;(51) 99205-6423;Guincho Moto;A - Básico;guincho-moto-indio-viamao;;;
Auto Center Expresso Car;Viamão;RS;(51) 98491-9909;Mecânica Automotiva;A - Básico;guincho-expresso-viamao;;;
Leandro guinchos e Mudanças;Viamão;RS;(51) 99686-8798;Guincho Plataforma;A - Básico;guincho-leandro-viamao;;;
Guincho LD Transportes;Viamão;RS;(51) 99477-9652;Guincho Plataforma;A - Básico;guincho-ld-viamao;;;
Pinduka Motos;Alvorada;RS;(51) 3483-4677;Guincho Plataforma;A - Básico;guincho-motos-pinduka-alvorada;;;
Aluguel de Reboques Alvorada;Alvorada;RS;(51) 99150-2852;Acessórios e Implementos;A - Básico;reboques-alvorada-rs;;;
Crd Alvorada Remoções & Leilões;Alvorada;RS;(51) 99768-1918;Guincho Plataforma;A - Básico;guincho-crd-alvorada-rs;;;
Grupo Fast;Alvorada;RS;(51) 99496-3289;Guincho Plataforma;A - Básico;guincho-fast-alvorada;;;
Meck Diesel | Oficina mecânica;Alvorada;RS;(51) 99920-4888;Mecanica Diesel;A - Básico;mec-diesel-meck-alvorada;;;
Depósito Detran - CRD JAP;Alvorada;RS;(51) 3411-1777;Guincho Plataforma;A - Básico;guincho-crd-jap-alvorada;;;
Guincho São Leopoldo;São Leopoldo;RS;(51) 99500-9500;Guincho Plataforma;A - Básico;guincho-sao-leopoldo-rs;;;
Jr Guincho;São Leopoldo;RS;(51) 99897-5191;Guincho Plataforma;A - Básico;guincho-jr-sleopoldo;;;
Rodrigo Guinchos 24h;São Leopoldo;RS;(51) 99699-6978;Guincho Plataforma;A - Básico;guincho-rodrigo-sleopoldo;;;
Leão Car Guinchos;São Leopoldo;RS;(51) 99987-6284;Guincho Plataforma;A - Básico;guincho-leaocar-sleopoldo;;;
Guinchos MM 24hrs!;São Leopoldo;RS;(51) 99851-0353;Guincho Plataforma;A - Básico;guincho-mm-sleopoldo;;;
Disk Guinchos;São Leopoldo;RS;(51) 3590-6149;Guincho Plataforma;A - Básico;guincho-disk-sleopoldo;;;
Topguinchos são Leopoldo;São Leopoldo;RS;(51) 99798-1353;Guincho Plataforma;A - Básico;guincho-top-sleopoldo;;;
Timm Guinchos;São Leopoldo;RS;(51) 99982-4384;Guincho Plataforma;A - Básico;guincho-timm-sleopoldo;;;
Didi Guinchos;São Leopoldo;RS;(51) 99546-4383;Guincho Plataforma;A - Básico;guincho-didi-sleopoldo;;;
Matos guinchos;São Leopoldo;RS;(51) 99855-9479;Guincho Plataforma;A - Básico;guincho-matos-sleopoldo;;;
Ksguinchos;São Leopoldo;RS;(51) 99153-3846;Guincho Plataforma;A - Básico;guincho-ks-sleopoldo;;;
Cristiano da norma Guincho;São Leopoldo;RS;(51) 98239-8545;Guincho Plataforma;A - Básico;guincho-cristianonorma-sleopoldo;;;
Guincho Sao Leopoldo - SF Guinchos;São Leopoldo;RS;(51) 99863-9544;Guincho Plataforma;A - Básico;guincho-sf-sleopoldo;;;
Guincho Cleomar;São Leopoldo;RS;(51) 99908-4977;Guincho Plataforma;A - Básico;guincho-cleomar-sleopoldo;;;
AJR Guinchos;São Leopoldo;RS;(51) 99515-1317;Guincho Plataforma;A - Básico;guincho-ajr-sleopoldo;;;
Farias Guincho São Leopoldo;São Leopoldo;RS;(51) 98287-3942;Guincho Plataforma;A - Básico;guincho-farias-sleopoldo;;;
Guinchos Plus;São Leopoldo;RS;(51) 3591-4438;Guincho Plataforma;A - Básico;guincho-plus-sleopoldo;;;
Theo Guinchos;Sapucaia do Sul;RS;(51) 99473-3928;Guincho Plataforma;A - Básico;guincho-theo-sapucaiasul;;;
Jauri Guinchos;Sapucaia do Sul;RS;(51) 99271-7171;Guincho Plataforma;A - Básico;guincho-jauri-sapucaiasul;;;
Guinchos Fischer;Sapucaia do Sul;RS;(51) 99643-8863;Guincho Plataforma;A - Básico;guincho-fischer-sapucaiasul;;;
Guincho do Piqueno;Sapucaia do Sul;RS;(51) 98182-2647;Guincho Plataforma;A - Básico;guincho-piqueno-sapucaiasul;;;
Vieira Guincho;Sapucaia do Sul;RS;(51) 98139-3271;Guincho Plataforma;A - Básico;guincho-vieira-sapucaiasul;;;
Guincho Três Maria;Sapucaia do Sul;RS;(51) 93380-2026;Guincho Plataforma;A - Básico;guincho-tresmaria-sapucaiasul;;;
Klebinho Guincho Sapucaia do Sul;Sapucaia do Sul;RS;(51) 98213-6581;Guincho Plataforma;A - Básico;guincho-klebinho-sapucaiasul;;;
Alemão guincho esteio;Esteio;RS;(51) 99216-3417;Guincho Plataforma;A - Básico;guincho-alemao-esteio;;;
Guincho sapucaia;Sapucaia do Sul;RS;(51) 99393-8383;Guincho Plataforma;A - Básico;guincho-sapucaia-sul-rs;;;
MAC Guinchos & Remoções LTDA;Sapucaia do Sul;RS;(51) 99173-8383;Caminhão Guindaste Articulado - Munck;A - Básico;guindaste-mac-sapucaia-sul;;;
Guincho Rodrigues;Sapucaia do Sul;RS;(51) 98059-6710;Guincho Plataforma;A - Básico;guincho-rodrigues-sapucaiasul;;;
Edu guinchos;Sapucaia do Sul;RS;(51) 99576-9176;Guincho Plataforma;A - Básico;guincho-edu-sapucaiasul;;;
Benini Transportes - Guinchos 24 Hrs;Sapucaia do Sul;RS;(51) 98127-0270;Guincho Plataforma;A - Básico;guincho-benini-sapucaiasul;;;
Mecânica Automotiva Eskina Car 24h;Sapucaia do Sul;RS;(51) 99164-8510;Mecânica Automotiva;A - Básico;mecanica-eskinacar-sapucaiasul;;;
Guinchos Sapucaia do Sul 24 Hrs;Sapucaia do Sul;RS;(51) 98471-2755;Guincho Plataforma;A - Básico;guincho-sapucaiadosul-rs;;;
RTcar Mecânica Automotiva;Esteio;RS;(51) 99762-7210;Mecânica Automotiva;A - Básico;mecanica-rtcar-esteio;;;
Guincho Auto Socorro Trovo - Guincho e remoçoes;Esteio;RS;(51) 99859-0043;Guincho Plataforma;A - Básico;guincho-trovo-esteio;;;
guincho schmitz remoções;Esteio;RS;(51) 99968-9809;Guincho Plataforma;A - Básico;guincho-schmitz-esteio;;;
Guincho Madurellis;Esteio;RS;(51) 99578-6453;Guincho Plataforma;A - Básico;guincho-madurellis-esteio;;;
Guincho em cachoeirinha 🪝🚨 🚨;Cachoeirinha;RS;(51) 98527-8294;Guincho Plataforma;A - Básico;guincho-cachoeirinha-rs;;;
Guinchos A.R;Cachoeirinha;RS;(51) 99457-7076;Guincho Plataforma;A - Básico;guincho-ar-cachoeirinha;;;
Guincho Mf Resgate serviço 24h;Cachoeirinha;RS;(51) 99253-2782;Guincho Plataforma;A - Básico;guincho-mf-cachoeirinha;;;
BR Guinchos Serviços de Transportes LTDA;Cachoeirinha;RS;(51) 99808-4909;Guincho Plataforma;A - Básico;guincho-br-cachoeirinha;;;
Xirú Guincho;Cachoeirinha;RS;(51) 99518-8934;Guincho Plataforma;A - Básico;guincho-xiru-cachoeirinha;;;
Depósito Cachoeirinha Ltda.;Cachoeirinha;RS;(51) 2200-1892;Guincho Plataforma;A - Básico;guincho-deposito-cachoeirinha;;;
Guincho na Zona Norte São Paulo;São Paulo;SP;(11) 94811-2690;Guincho Plataforma;A - Básico;guincho-zonanorte-sp;;;
Guincho do Confirmado;Cachoeirinha;RS;(51) 98400-5566;Guincho Plataforma;A - Básico;guincho-confirmado-cachoeirinha;;;
Guinchos Guaíba - Remoção de Pesados e Resgate;Guaíba;RS;(51) 98033-3999;Guincho Pesado - Caminhão;A - Básico;guincho-caminhao-guaiba-rs;;;
Guincho Guaíba Resgate - Serviços de Auto Socorro;Guaíba;RS;(51) 99394-9494;Guincho Plataforma;A - Básico;guincho-guaiba-rs;;;
Forza Guincho Guaíba;Guaíba;RS;(51) 98411-2792;Guincho Plataforma;A - Básico;guincho-forza-guaibars;;;
JM Guinchos Guaíba;Guaíba;RS;(51) 99732-0795;Guincho Plataforma;A - Básico;guincho-jm-guaibars;;;
Ricardo Guaíba Guincho 24hs;Guaíba;RS;(51) 99738-9868;Guincho Plataforma;A - Básico;guincho-ricardo-guaibars;;;
Leandrinho Guaíba guincho 24 horas Guaíba;Guaíba;RS;(51) 99764-5227;Guincho Plataforma;A - Básico;guincho-leandrinho-guaibars;;;
Brasil Guinchos;Guaíba;RS;(51) 99979-5776;Guincho Plataforma;A - Básico;guincho-brasil-guaibars;;;
Guinchos Marcelo;Campo Bom;RS;(51) 99354-5408;Guincho Plataforma;A - Básico;guincho-marcelo-cbom;;;
Mecânica e Guinchos;Campo Bom;RS;(51) 99800-8147;Guincho Plataforma;A - Básico;guincho-mecanica-cbom;;;
Elodir Serviços de Guincho e Munck;Sapiranga;RS;(51) 98042-7711;Caminhão Guindaste Articulado - Munck;A - Básico;guindaste-elodir-sapiranga;;;
Guincho Patrick Auto Resgate sapiranga;Sapiranga;RS;(51) 99512-0339;Guincho Plataforma;A - Básico;guincho-patrick-sapiranga;;;
FS Reboques;Sapiranga;RS;(51) 99770-7681;Acessórios e Implementos;A - Básico;reboques-fs-sapiranga;;;
Guincho do Madruga;Sapiranga;RS;(51) 99999-8871;Guincho Plataforma;A - Básico;guincho-madruga-sapiranga;;;
Socorro 24 Hrs Mecânica Brum;Sapiranga;RS;(51) 99668-8568;Mecânica Automotiva;A - Básico;mecanica-brum-sapiranga;;;
J.A Guincho e Mini Escavadeira - Sapiranga;Sapiranga;RS;(51) 99131-6185;Guincho Plataforma;A - Básico;guincho-j-a-sapiranga;;;
Guincho mais;Sapiranga;RS;(51) 3108-5700;Guincho Plataforma;A - Básico;guincho-mais-sapiranga;;;
Guinchos Feiten;Estância Velha;RS;(51) 99548-1413;Guincho Plataforma;A - Básico;guincho-feiten-estanciavelhars;;;
Guinchos Preto;Estância Velha;RS;(51) 99568-3132;Guincho Plataforma;A - Básico;guincho-preto-estanciavelhars;;;
Guinchos Torres;Estância Velha;RS;(51) 99989-4559;Guincho Plataforma;A - Básico;guincho-torres-estanciavelhars;;;
Biguá Guinchos;Estância Velha;RS;(51) 99613-9812;Guincho Plataforma;A - Básico;guincho-bigua-estanciavelhars;;;
Auto Resgate Juruna Ltda;Estância Velha;RS;(51) 99984-7215;Guincho Plataforma;A - Básico;guincho-juruna-estanciavelhars;;;
Limans Guindaste Muck e Caminhão Munck;Estância Velha;RS;(51) 99533-5132;Caminhão Guindaste Articulado - Munck;A - Básico;guindaste-limans-estanciavelhars;;;
Guinchos Dapper Ivoti RS;Ivoti;RS;(51) 99978-0909;Guincho Plataforma;A - Básico;guincho-dapper-ivotirs;;;
Traga O Guincho;Estância Velha;RS;(51) 98606-1969;Guincho Plataforma;A - Básico;guincho-traga-estanciavelhars;;;
Vip guincho;Estância Velha;RS;(51) 99815-5814;Guincho Plataforma;A - Básico;guincho-vip-estanciavelha-rs;;;
Guincho WK Pereira;Portão;RS;(51) 99978-8446;Guincho Plataforma;A - Básico;guincho-wkpereira-portaors;;;
Guincho potrich;Portão;RS;(51) 98046-9804;Guincho Plataforma;A - Básico;guincho-potrich-portaors;;;
MK Guinchos Novo Hamburgo;Novo Hamburgo;RS;(51) 99566-5507;Guincho Plataforma;A - Básico;guincho-mk-nhamburgo;;;
Mirinho Serviço de Guincho;Portão;RS;(51) 99533-6414;Guincho Plataforma;A - Básico;guincho-mirinho-portao-rs;;;
Praça de Pedágio - Campo Bom;Campo Bom;RS;0800 648 3903;Guincho Plataforma;A - Básico;pracapedagio-cbom-rs239;;;
Texera alto socorro;Portão;RS;(51) 99845-4598;Guincho Plataforma;A - Básico;guincho-texera-portao;;;
Transportes Berwanger Ltda;Novo Hamburgo;RS;(51) 3594-7344;Caminhão Guindaste Articulado - Munck;A - Básico;guindaste-berwanger-nhamburgo;;;
SOS Guincho de Motos;Portão;RS;(51) 99600-7996;Guincho Moto;A - Básico;guincho-moto-sos-portaors;;;
Guerreiro Guincho;Portão;RS;(51) 99542-1935;Guincho Plataforma;A - Básico;guincho-guerreiro-portao-rs;;;
Transmaq Transportes - Empilhadeiras - Guindastes;São Leopoldo;RS;(51) 3556-4656;Guincho Plataforma;A - Básico;guindaste-transmaq-sleopoldo;;;
Machado e Kaefer Reboques Ltda;Portão;RS;(51) 3562-4629;Acessórios e Implementos;A - Básico;reboques-machadokaefer-portao;;;
MG Guincho;Portão;RS;(51) 99960-5648;Guincho Plataforma;A - Básico;guincho-mg-portaors;;;
Star Guincho;Portão;RS;(51) 99675-7522;Guincho Plataforma;A - Básico;guincho-star-portaors;;;
Borracharia Pai e Filho 24HORAS;Portão;RS;(51) 99811-4485;Borracharia;A - Básico;borracharia-paifilho-portaors;;;
Dani Motos Resgate;Portão;RS;(51) 99633-3974;Guincho Moto;A - Básico;guincho-moto-dani-portao;;;
Auto Mecânica Renato;Portão;RS;(51) 98150-8217;Mecânica Automotiva;A - Básico;mecanica-renato-portaors;;;
Guincho JBZ;Portão;RS;(51) 99957-9317;Guincho Plataforma;A - Básico;guincho-jbz-portaors;;;
Guinchos Parobé;Parobé;RS;(51) 3523-3730;Guincho Plataforma;A - Básico;guincho-parobe-rs;;;
Guinchos Soares;Parobé;RS;(51) 99553-2024;Guincho Plataforma;A - Básico;guincho-soares-parobers;;;
A.L.F Guinchos e Recuperadora de Para-Choques;Parobé;RS;(51) 99521-8158;Guincho Plataforma;A - Básico;guincho-alf-parobers;;;
Guincho 24h Dalton - Parobé - RS;Parobé;RS;(51) 99878-4586;Guincho Plataforma;A - Básico;guincho-dalton-parobers;;;
Taquara Guincho;Taquara;RS;(51) 98519-2000;Guincho Plataforma;A - Básico;guincho-taquara-rs;;;
BT Guincho;Taquara;RS;(51) 99468-5546;Guincho Plataforma;A - Básico;guincho-bt-taquarars;;;
CRD 0084 - Depósito e Guinchos Montenegro;Montenegro;RS;(51) 99698-0112;Guincho Plataforma;A - Básico;guincho-crd84montenegro-rs;;;
Gomes & Moura Guinchos;Montenegro;RS;(51) 99642-9254;Guincho Plataforma;A - Básico;guincho-gomesmoura-montenegrors;;;
Guincho Everton - 24 horas !!;Montenegro;RS;(51) 98029-8536;Guincho Plataforma;A - Básico;guincho-everton-montenegrors;;;
Sérgio Luís de Araújo Serviços de Guincho - ME;Montenegro;RS;(51) 3632-4703;Guincho Plataforma;A - Básico;guincho-sergioaraujo-montenegrors;;;
Souza Guinchos 24 horas;Montenegro;RS;(51) 99878-8840;Guincho Plataforma;A - Básico;guincho-souza-montenegrors;;;
Guincho Renauto;Montenegro;RS;(51) 99963-8178;Guincho Plataforma;A - Básico;guincho-renauto-montenegrors;;;
Socorro mecânico guincho manutenção;Montenegro;RS;(51) 99851-7255;Guincho Plataforma;A - Básico;guincho-socorro-montenegrors;;;
Pagaes Guinchos & Guindastes;Montenegro;RS;(51) 98686-5824;Caminhão Guindaste Articulado - Munck;A - Básico;guindaste-pagaes-montenegrors;;;
Coxilha Guinchos;Triunfo;RS;(51) 3654-9020;Guincho Plataforma;A - Básico;guincho-coxilha-triunfors;;;
Guincho 24 horas estetcar;Triunfo;RS;(51) 99802-6941;Guincho Plataforma;A - Básico;guincho-estetcar-triunfors;;;
JK Guinchos;Triunfo;RS;(51) 98060-1467;Guincho Plataforma;A - Básico;guincho-jk-triunfors;;;
Guincho Eldorado do sul RS;Eldorado do Sul;RS;(51) 98062-7520;Guincho Plataforma;A - Básico;guincho-eldoradodosul-rs;;;
SOS Trucks Guincho Veiculos Leves e Pesados;Eldorado do Sul;RS;(51) 98151-7853;Guincho Pesado - Caminhão;A - Básico;guincho-caminhao-sos-eldoradodosulrs;;;
Martins Service - Guincho 24 horas;Eldorado do Sul;RS;(51) 99921-8989;Guincho Plataforma;A - Básico;guincho-martins-eldoradodosulrs;;;
Ckt guinchos;Eldorado do Sul;RS;(51) 99503-6109;Guincho Plataforma;A - Básico;guincho-ckt-eldoradodosulrs;;;
CRD Charqueadas Guinchos;Charqueadas;RS;(51) 99380-5421;Guincho Plataforma;A - Básico;guincho-crdcharqueadas-rs;;;
Guinchos Fischer;Charqueadas;RS;(51) 99784-9327;Guincho Plataforma;A - Básico;guincho-fischer-charqueadasrs;;;
Guinchos Texugo;Charqueadas;RS;(51) 99618-7739;Guincho Plataforma;A - Básico;guincho-texugo-charqueadasrs;;;
Guincho 43 - Auto Socorro 24 Horas - Caxias do Sul;Caxias do Sul;RS;(54) 99155-5464;Guincho Plataforma;A - Básico;guincho-43-caxiasdosulrs;;;
Vino guinchos Charqueadas;Charqueadas;RS;(51) 99773-2883;Guincho Plataforma;A - Básico;guincho-vino-charqueadasrs;;;
Guincho rota 401;São Jerônimo;RS;(51) 99732-4537;Guincho Plataforma;A - Básico;guincho-rota401-saojeronimors;;;
Guinchos Dapper Ivoti RS;Ivoti;RS;(51) 99978-0899;Guincho Plataforma;A - Básico;guincho-dapper-ivoti-rs;;;
LevaCar Serviços de Transporte e Guincho;Arroio dos Ratos;RS;(51) 99864-4112;Guincho Plataforma;A - Básico;guincho-levacar-arroiodosratosrs;;;
AutoSocorro Bastos – Guincho 24h;Arroio dos Ratos;RS;(51) 99378-8893;Guincho Plataforma;A - Básico;guincho-bastos-arroiodosratosrs;;;
Guincho Natanael 24 horas;Arroio dos Ratos;RS;(51) 99891-2904;Guincho Plataforma;A - Básico;guincho-natanael-arroiodosratosrs;;;
DJS Guinchos e remoções;Arroio dos Ratos;RS;(51) 99941-6603;Guincho Plataforma;A - Básico;guincho-djs-arroiodosratosrs;;;
Dprox Guinchos;Arroio dos Ratos;RS;(51) 99791-0808;Guincho Plataforma;A - Básico;guincho-dprox-arroiodosratosrs;;;
Clinicar Mecânica e Guincho;Arroio dos Ratos;RS;(51) 3656-1600;Guincho Plataforma;A - Básico;guincho-clinicar-arroiodosratosrs;;;
Guincho 24hr Arroio dos Ratos RS;Arroio dos Ratos;RS;(51) 99798-4564;Guincho Plataforma;A - Básico;guincho-arroiodosratos-rs;;;
Garagem Automotiva do Zeca;Arroio dos Ratos;RS;(51) 99671-3778;Mecânica Automotiva;A - Básico;mecanica-zeca-arroiodosratosrs;;;
Guinchos Oliveira;Arroio dos Ratos;RS;(51) 99634-5040;Guincho Plataforma;A - Básico;guincho-oliveira-arroiodosratosrs;;;
transportycar guinchos;Dois Irmãos;RS;(51) 98323-8165;Guincho Plataforma;A - Básico;guincho-transportycar-doisirmaosrs;;;
M.A Guinchos e Transportes;Dois Irmãos;RS;(51) 99687-4554;Guincho Plataforma;A - Básico;guincho-ma-doisirmaosrs;;;
Sailer Guinchos e Locações;Porto Alegre;RS;(51) 99777-5658;Guincho Pesado - Caminhão;A - Básico;guincho-caminhao-sailer-poars;;;
Enio Guinchos Guindaste Munck e Transportes Especiais;Porto Alegre;RS;(51) 98037-7757;Caminhão Guindaste Articulado - Munck;A - Básico;guindaste-enio-poars;;;
Hamburgo Container;Novo Hamburgo;RS;(51) 99799-8139;Caminhão Guindaste Articulado - Munck;A - Básico;guindaste-hamburgo-nhamburgors;;;
Guincho Corrêa Zona Sul;Porto Alegre;RS;(51) 99542-3530;Guincho Pesado - Caminhão;A - Básico;guincho-caminhao-correa-poars;;;
Mr. Munck - Locação de caminhões Guindauto;Porto Alegre;RS;(51) 99739-2942;Caminhão Guindaste Articulado - Munck;A - Básico;guindaste-mrmunck-poars;;;
TR Freitas Guincho;Porto Alegre;RS;(51) 99165-7389;Guincho Pesado - Caminhão;A - Básico;guincho-caminhao-freitas-poars;;;
Guinchos e munck | Fastlog;Porto Alegre;RS;(51) 99551-0067;Caminhão Guindaste Articulado - Munck;A - Básico;guindaste-fastlog-poars;;;
santos.guinchos;Porto Alegre;RS;(51) 99912-3356;Guincho Pesado - Caminhão;A - Básico;guincho-caminhao-santos-poars;;;
Guincho SOS 24hs;Gravataí;RS;(51) 99497-9568;Guincho Pesado - Caminhão;A - Básico;guincho-caminhao-sos-gravatairs;;;
Araujo Auto Socorro guincho 24hs;Canoas;RS;(51) 99518-5910;Guincho Pesado - Caminhão;A - Básico;guincho-caminhao-araujo-canoasrs;;;
Capitão Guinchos LTDA;Guaíba;RS;(51) 3480-0605;Guincho Pesado - Caminhão;A - Básico;guincho-caminhao-capitao-guaibars;;;
Guinchos Mateuzinho;Parobé;RS;(51) 99629-4621;Guincho Pesado - Caminhão;A - Básico;guincho-caminhao-mateuzinho-parobers;;;
Guinchos Leves Pesados Guindastes e Transportes Arceno;Taquara;RS;(51) 99988-9127;Guincho Pesado - Caminhão;A - Básico;guincho-caminhao-arceno-taquarars;;;
Taquara Auto Mecânica e Guincho Socorro 24 horas;Taquara;RS;(49) 98822-7799;Guincho Pesado - Caminhão;A - Básico;guincho-caminhao-taquarars;;;
Auto Socorro União;Taquara;RS;(51) 99533-0034;Guincho Pesado - Caminhão;A - Básico;guincho-caminhão-uniao-taquarars;;;
Borracharia e guincho 24h;Eldorado do Sul;RS;(51) 99727-2454;Guincho Pesado - Caminhão;A - Básico;guincho-caminhao-eldoradodosulrs;;;
Oficina Mecânica 24horas movel e guincho pesado;Eldorado do Sul;RS;(51) 99510-5315;Guincho Pesado - Caminhão;A - Básico;guincho-caminhao-mecanica-eldoradors;;;
Brazcar Reboques e Engates;Charqueadas;RS;(51) 98225-0707;Acessórios e Implementos, Fábrica de Plataforma;A - Básico;reboque-brazcar-charqueadasrs;;;
ON guincho socorro de motos;Porto Alegre;RS;(51) 99909-1621;Guincho Moto;A - Básico;guincho-moto-on-poars;;;
Almeida Log (pequenos fretes e guincho para moto 24H);Gravataí;RS;(51) 99500-0991;Guincho Moto;A - Básico;guincho-moto-almeida-gravatairs;;;
Deorge Terra - Guincho de Moto;Gravataí;RS;(51) 99296-0001;Guincho Moto;A - Básico;guincho-moto-deorge-gravatairs;;;
Primordial Mecânica Socorro/Guincho 24 Horas;São Leopoldo;RS;(51) 99988-4486;Guincho Moto;A - Básico;guincho-moto-primordial-sleopoldors;;;
Point da Moto;Esteio;RS;(51) 3783-5006;Guincho Moto;A - Básico;guincho-moto-point-esteiors;;;
Bitelo Aluguel de Reboques;Esteio;RS;(51) 3459-4286;Acessórios e Implementos;A - Básico;reboque-bitelo-esteiors;;;
Paloschi Motos;Esteio;RS;(51) 99481-7957;Guincho Moto;A - Básico;guincho-moto-paloschi-esteiors;;;
S.O.S Motos;Cachoeirinha;RS;(51) 99997-0313;Guincho Moto;A - Básico;guincho-moto-sos-cachoeirinhars;;;
Macedo Guincho Guaiba;Guaíba;RS;(51) 99435-3593;Guincho Moto;A - Básico;guincho-moto-macedo-guaibars;;;
Bernar Guinchos;Guaíba;RS;(51) 99281-7332;Guincho Moto;A - Básico;guincho-moto-bernar-guaibars;;;
Moto Gaúcha;Guaíba;RS;(51) 3491-5262;Guincho Moto;A - Básico;guincho-moto-gaucha-guaibars;;;
Cabelo Guinchos;Guaíba;RS;(51) 99501-1070;Guincho Moto;A - Básico;guincho-moto-cabelo-guaibars;;;
Reboques São Jorge;Guaíba;RS;(51) 3285-1000;Acessórios e Implementos;A - Básico;reboque-saojorge-guaibars;;;
Brasil Guinchos;Guaíba;RS;(51) 99968-0750;Guincho Moto;A - Básico;guincho-moto-brasil-guaibars;;;
Foca Racing - Mecânica de motos em Campo Bom;Campo Bom;RS;(51) 3049-4969;Guincho Moto;A - Básico;guincho-moto-foca-cbomrs;;;
Space Motos;Campo Bom;RS;(51) 3597-8454;Guincho Moto;A - Básico;guincho-moto-space-cbomrs;;;
Kaxa motos;Campo Bom;RS;(51) 99695-6709;Guincho Moto;A - Básico;guincho-moto-kaxa-cbomrs;;;
Geramotos Racing;Estância Velha;RS;(51) 98169-2211;Guincho Moto;A - Básico;guincho-moto-gera-estanciavelhars;;;
Radu Moto Peças;Estância Velha;RS;(51) 3551-0537;Guincho Moto;A - Básico;guincho-moto-radu-estanciavelhars;;;
Neco auto elétrica;Portão;RS;(51) 3562-2256;Auto Elétrica;A - Básico;eletrica-auto-neco-portaors;;;
Leitão guincho;Portão;RS;(51) 99756-3874;Guincho Moto;A - Básico;guincho-moto-leitao-portaors;;;
Zaqueu Motos;Parobé;RS;(51) 3543-6117;Guincho Moto;A - Básico;guincho-moto-zaqueu-parobers;;;
Karumbé Motos;Parobé;RS;(51) 3523-3424;Guincho Moto;A - Básico;guincho-moto-karumbe-parobers;;;
Top Reboques - Taquara RS;Taquara;RS;(51) 99806-7397;Acessórios e Implementos;A - Básico;reboque-top-taquarars;;;
Chico Motos;Taquara;RS;(51) 3542-3622;Guincho Moto;A - Básico;guincho-moto-chico-taquarars;;;
MMS Moto Socorro e Fretes;Taquara;RS;(51) 98173-8698;Guincho Moto;A - Básico;guincho-moto-mms-taquarars;;;
Maicon Motos;Taquara;RS;(51) 99983-8350;Guincho Moto;A - Básico;guincho-moto-maicon-taquarars;;;
Guincho 24hrs Caminhões, Carros, Motos | Bento Gonçalves;Bento Gonçalves;RS;(54) 99663-9469;Guincho Pesado - Caminhão;A - Básico;guincho-caminhao-bentogoncalves-rs;;;
Carlão Moto Peças;Taquara;RS;(51) 99986-1626;Guincho Moto;A - Básico;guincho-moto-carlao-taquarars;;;
Aluguel de Reboques - De Rossi Locação de Reboques;Taquara;RS;(51) 98302-3535;Acessórios e Implementos;A - Básico;reboque-rossi-taquarars;;;
Matte Aluguel de Reboques;Taquara;RS;(51) 98059-2026;Acessórios e Implementos;A - Básico;reboque-matte-taquarars;;;
Marco Guincho Zona sul- Reboque de carros e motos;Taquara;RS;(51) 98422-4431;Guincho Moto;A - Básico;guincho-moto-marco-taquarars;;;
Missil Moto Resgate;Taquara;RS;(51) 99376-2862;Guincho Moto;A - Básico;guincho-moto-missil-taquara;;;
Reboques Gaúcho ltda;Taquara;RS;(51) 3037-1737;Acessórios e Implementos;A - Básico;reboque-gaucho-taquarars;;;
Moreira Moto Peças e Oficina;Taquara;RS;(51) 3523-2267;Guincho Moto;A - Básico;guincho-moto-moreira-taquarars;;;
Motochefe Taquara;Rio de Janeiro;RJ;(21) 99759-7688;Guincho Moto;A - Básico;guincho-moto-chefe-taquararj;;;
Perfect Car - Centro de Reparação Automotivo;Taquara;RS;(51) 98458-3207;Mecânica Automotiva;A - Básico;oficina-perfect-taquarars;;;
Pedro Ritter Reboques;Montenegro;RS;(51) 99954-7049;Acessórios e Implementos;A - Básico;reboque-pedroritter-montenegrors;;;
Silver Motos;Montenegro;RS;(51) 98955-7487;Guincho Moto;A - Básico;reboque-moto-silver-montenegrors;;;
Ciclomoto Pretto;Montenegro;RS;(51) 3632-9161;Guincho Moto;A - Básico;reboque-moto-preto-montenegrors;;;
Caio Motos;Montenegro;RS;(51) 3632-3478;Guincho Moto;A - Básico;reboque-moto-caio-montenegrors;;;
Sinostrailer Comércio de Trailers e Serviços Ltda;Triunfo;RS;(51) 3561-1515;Acessórios e Implementos;A - Básico;trailer-sinos-triunfors;;;
4MGuincho | Assistência 24 Horas;Eldorado do Sul;RS;(51) 99765-3498;Guincho Moto;A - Básico;guincho-moto-4m-eldoradosulrs;;;
Motocar Motos;Eldorado do Sul;RS;(51) 99437-3936;Guincho Moto;A - Básico;guincho-moto-motocar-eldoradosulrs;;;
Guinchos Rodaner 24Hrs;Eldorado do Sul;RS;(54) 99123-2857;Guincho Moto;A - Básico;guincho-moto-rodaner-eldoradosulrs;;;
99% Self Garage;Eldorado do Sul;RS;(51) 99790-7071;Guincho Moto;A - Básico;guincho-moto-garage-eldoradosulrs;;;
CRD Detran RS - Transportes Jajá;Eldorado do Sul;RS;(51) 98053-2630;Guincho Moto;A - Básico;guincho-moto-jaja-eldorado-sul;;;
Motocar Motos Charqueadas;Charqueadas;RS;(51) 3658-3436;Guincho Moto;A - Básico;guincho-moto-motocar-charqueadasrs;;;
Industria Mants;Charqueadas;RS;(51) 99163-3999;Acessórios e Implementos;A - Básico;reboque-mants-charqueadasrs;;;
Transporte de Motos e Pequenos Fretes (Reboque);Charqueadas;RS;(51) 99594-8951;Guincho Moto;A - Básico;guincho-moto-charqueadas-rs;;;
Moto10 Retifica;Charqueadas;RS;(51) 99702-5268;Retificadora;A - Básico;retificadora-moto10-charqueadasrs;;;
Max Moto Peças e Mecânica;Charqueadas;RS;(51) 99957-7644;Moto Peças;A - Básico;motopeças-max-charqueadas;;;
Faz Tudo Motos;São Jerônimo;RS;(51) 99990-1726;Guincho Moto;A - Básico;guincho-moto-faztudo-sjeronimors;;;
Mecânica Somotos;Ivoti;RS;(51) 3563-1409;Moto Peças;A - Básico;guincho-moto-somotos-ivotirs;;;
Santos Moto Peças;Arroio dos Ratos;RS;(51) 99513-7326;Moto Peças;A - Básico;motopeças-santos-arroiodosratosrs;;;
Lupinho Motos;Arroio dos Ratos;RS;(51) 99626-0566;Guincho Moto;A - Básico;guincho-moto-lupinho-arroiodosratosrs;;;
RS Moto Socorro;Glorinha;RS;(51) 99681-4242;Guincho Moto;A - Básico;guincho-moto-socorro-glorinhars;;;
União Metalúrgica e Reboques;Capela de Santana;RS;(51) 99652-1868;Guincho Moto, Acessórios e Implementos;A - Básico;reboque-uniao-capsantanars;;;
Maiquel Motos Rolante;Rolante;RS;(51) 3547-3031;Guincho Moto;A - Básico;guincho-moto-maiquel-rolanters;;;
Gringo Motos;Rolante;RS;(51) 99642-5753;Guincho Moto;A - Básico;guincho-moto-gringo-rolanters;;;
Paulão Motos;Rolante;RS;(51) 99866-1190;Guincho Moto;A - Básico;guincho-moto-paulao-rolanters;;;
Wallau Motos;Rolante;RS;(51) 99664-9282;Guincho Moto;A - Básico;guincho-moto-wallau-rolanters;;;
Cristiano Motos;Nova Hartz;RS;(51) 99662-0453;Guincho Moto;A - Básico;guincho-moto-cristiano-nhartzrs;;;
Galpao motos;Nova Hartz;RS;(51) 98611-6170;Guincho Moto;A - Básico;guincho-moto-galpao-nhartazrs;;;
Mk Motos;Araricá;RS;(51) 99686-2833;Guincho Moto;A - Básico;guincho-moto-mk-araricars;;;
Empório Motos;Araricá;RS;(51) 99686-2839;Guincho Moto;A - Básico;guincho-moto-emporio-araricars;;;
Maiquel Motos Santo Antonio da Patrulha;Santo Antônio da Patrulha;RS;(51) 3662-6296;Guincho Moto;A - Básico;guincho-moto-maiquel-sapatrulhars;;;
Edinho Motos | Loja de Capacetes e Manutenção de Moto;Santo Antônio da Patrulha;RS;(51) 99751-0972;Guincho Moto;A - Básico;guincho-moto-edinho-sapatrulhars;;;
Consulmoto;Santo Antônio da Patrulha;RS;(51) 99944-3721;Guincho Moto;A - Básico;guincho-moto-consul-sapatrulhars;;;
Guincho Prisma 24 horas Osório;Santo Antônio da Patrulha;RS;(51) 99165-2499;Guincho Moto;A - Básico;guincho-moto-prisma-sapatrulhars;;;
Super Reboques - Venda e aluguel de Reboques;Santo Antônio da Patrulha;RS;(51) 99705-7694;Acessórios e Implementos;A - Básico;reboque-super-sapatrulhars;;;
MotoSport Concessionária de Motos;Santo Antônio da Patrulha;RS;(51) 99632-3274;Guincho Moto;A - Básico;reboque-moto-sport-sapatrulhars;;;
Pedro Reboques;Santo Antônio da Patrulha;RS;(51) 98181-7787;Acessórios e Implementos;A - Básico;reboque-pedro-sapatrulhars;;;
Guinchos Santo Antônio;Santo Antônio da Patrulha;RS;(54) 99641-2937;Guincho Moto;A - Básico;guincho-moto-stoantonio-sapatrulhars;;;
MS Locações de reboques;Santo Antônio da Patrulha;RS;(51) 99159-5580;Acessórios e Implementos;A - Básico;reboque-ms-sapatrulha;;;
Auto Socorro Litoral Norte Ltda;Santo Antônio da Patrulha;RS;(51) 98105-2955;Guincho Moto;A - Básico;guincho-moto-litoral-sapatrulha;;;
Guinchos Mister;Santo Antônio da Patrulha;RS;(54) 99932-4727;Guincho Moto;A - Básico;guincho-moto-mister-sapatrulhars;;;
Pereira Reboques;Santo Antônio da Patrulha;RS;(51) 99315-9275;Acessórios e Implementos;A - Básico;reboque-pereira-sapatrulha;;;
AGM Engates e Reboques;Santo Antônio da Patrulha;RS;(51) 99183-1062;Acessórios e Implementos;A - Básico;reboque-agm-sapatrulhars;;;
Help Douglas;Novo Hamburgo;RS;(51) 99944-9944;Guincho Moto;A - Básico;guincho-moto-help-nhamburgo;;;
Premium Engates e Reboques;Santo Antônio da Patrulha;RS;(51) 3110-8585;Acessórios e Implementos;A - Básico;reboque-premium-sapatrulha;;;
Rek Reboques;São Leopoldo;RS;(51) 3451-2060;Acessórios e Implementos;A - Básico;reboque-rek-sleopoldors;;;
JC Locação de Reboques e Ferramentas;Santo Antônio da Patrulha;RS;(51) 99143-1010;Acessórios e Implementos;A - Básico;reboque-jc-sapatrulhars;;;
Guinchos Oliveira;Santo Antônio da Patrulha;RS;(51) 98561-2384;Guincho Moto;A - Básico;guincho-moto-oliveira-sapatrulha;;;
Maninho moto peças e mecânica;Santo Antônio da Patrulha;RS;(51) 99777-8557;Guincho Moto;A - Básico;guincho-moto-maninho-sapatrulhars;;;
New Car Guincho Plataforma;Novo Hamburgo;RS;(51) 99193-4385;Guincho Plataforma;A - Básico;guincho-newcar-nhamburgo;;;